Date,Close/Last,Volume,Open,High,Low
03/03/2023,51.51,681481,50.19,51.76,50.01
03/02/2023,50.08,347943,48.46,50.1599,48.11
03/01/2023,49.48,261915,50.56,50.81,49.38
02/28/2023,50.56,299860,49.64,51.18,49.64
02/27/2023,49.71,495547,49.96,50.20,49.27
02/24/2023,49.30,454357,49.532,49.86,48.7101
02/23/2023,50.75,844107,51.91,51.91,49.30
02/22/2023,51.05,463279,50.662,51.72,49.98
02/21/2023,50.35,509708,51.73,52.75,50.35
02/17/2023,53.08,888810,53.35,53.59,52.09
02/16/2023,53.50,1099871,53.99,55.75,53.28
02/15/2023,55.04,1096892,51.79,55.04,51.79
02/14/2023,51.33,782372,49.03,51.50,48.68
02/13/2023,49.65,527879,49.22,50.06,48.35
02/10/2023,48.89,532892,49.86,50.32,48.48
02/09/2023,50.44,743713,53.34,53.37,50.22
02/08/2023,52.27,730731,53.44,54.25,52.27
02/07/2023,53.55,857115,52.59,53.80,51.48
02/06/2023,52.64,518529,52.77,53.58,52.28
02/03/2023,53.69,713374,53.24,56.215,52.95
02/02/2023,55.76,903401,54.29,56.7727,54.1315
02/01/2023,52.22,885942,49.69,52.52,49.20
01/31/2023,49.79,588062,48.30,50.00,48.25
01/30/2023,47.94,977976,49.35,50.04,47.88
01/27/2023,50.25,986908,47.66,50.70,47.4022
01/26/2023,47.76,706344,48.34,48.66,46.61
01/25/2023,46.67,445683,45.13,46.92,44.3214
01/24/2023,46.51,224667,46.60,47.76,46.23
01/23/2023,47.25,686244,45.65,47.27,45.15
01/20/2023,45.15,346974,43.32,45.20,43.06
01/19/2023,42.85,273148,42.99,43.57,42.38
01/18/2023,43.90,666630,46.10,46.43,43.84
01/17/2023,45.39,416942,44.552,45.49,43.75
01/13/2023,43.95,417081,41.82,44.0099,41.82
01/12/2023,42.94,409609,42.23,42.96,40.66
01/11/2023,41.94,437925,41.41,41.95,40.91
01/10/2023,41.12,212547,39.71,41.12,39.68
01/09/2023,40.09,320528,39.25,40.93,39.18
01/06/2023,38.48,1162317,37.53,38.6282,36.53
01/05/2023,37.58,238030,38.32,38.32,37.27
01/04/2023,38.99,242003,38.19,39.25,37.82
01/03/2023,37.73,601344,39.28,39.71,37.19
12/30/2022,38.55,440188,37.50,38.58,37.34
12/29/2022,38.33,483027,37.02,38.4199,36.85
12/28/2022,36.46,530107,36.30,36.9699,36.02
12/27/2022,36.47,426208,37.21,37.275,36.24
12/23/2022,37.77,415982,37.80,38.10,37.0689
12/22/2022,38.03,560685,38.89,38.93,37.0202
12/21/2022,39.58,805050,39.266,39.99,38.75
12/20/2022,39.02,368069,38.97,40.10,38.68
12/19/2022,39.24,516294,40.20,40.31,39.08
12/16/2022,40.31,490170,40.60,41.08,39.8078
12/15/2022,41.00,485334,41.91,42.26,40.88
12/14/2022,43.09,626240,43.19,44.12,42.55
12/13/2022,43.54,2314773,45.89,46.70,42.83
12/12/2022,43.18,343999,42.12,43.21,41.992
12/09/2022,42.45,588960,42.50,43.40,42.21
12/08/2022,42.75,623032,41.81,43.12,41.08
12/07/2022,41.57,1340014,41.79,42.48,41.40
12/06/2022,42.17,456173,43.87,43.87,41.80
12/05/2022,43.79,540473,45.94,46.41,43.535
12/02/2022,46.24,413402,45.02,46.41,44.88
12/01/2022,46.01,590904,45.44,46.36,44.84
11/30/2022,45.23,1040325,42.53,45.28,42.24
11/29/2022,42.33,398974,42.69,43.44,42.17
11/28/2022,42.60,627706,43.17,43.98,42.36
11/25/2022,43.74,178836,43.92,43.92,43.39
11/23/2022,44.15,413641,42.74,44.31,42.64
11/22/2022,42.50,551644,42.03,42.57,41.20
11/21/2022,42.14,535030,43.15,43.24,41.58
11/18/2022,43.88,332622,45.78,45.78,43.44
11/17/2022,44.74,455324,44.37,45.45,43.97
11/16/2022,45.72,408634,47.20,47.27,45.37
11/15/2022,48.17,570437,48.27,49.30,47.575
11/14/2022,46.13,546691,47.02,47.50,45.86
11/11/2022,47.73,1125623,43.54,48.14,43.29
11/10/2022,44.51,1285867,42.79,44.51,41.865
11/09/2022,39.17,1490396,41.37,41.41,39.04
11/08/2022,42.52,1354942,43.45,44.45,41.56
11/07/2022,43.49,1160011,43.83,44.18,42.64
11/04/2022,43.39,1660287,45.82,46.01,42.41
11/03/2022,45.30,1537151,44.55,46.74,44.43
11/02/2022,45.69,1947062,48.17,48.79,45.64
11/01/2022,48.25,1486533,49.65,50.10,48.19
10/31/2022,48.26,637902,48.21,49.06,47.64
10/28/2022,48.56,1019076,47.65,48.63,46.68
10/27/2022,47.66,1222223,47.91,48.77,47.10
10/26/2022,47.13,973566,46.98,49.09,46.63
10/25/2022,47.65,1156435,45.08,47.77,45.08
10/24/2022,44.73,1121399,44.53,44.97,42.89
10/21/2022,44.85,942905,43.90,44.93,43.08
10/20/2022,44.35,958771,43.73,45.79,43.57
10/19/2022,43.98,643320,44.96,45.37,43.67
10/18/2022,45.43,923661,46.42,47.00,44.66
10/17/2022,44.79,1639136,43.49,45.22,43.49
10/14/2022,41.68,1399131,44.79,45.33,41.61
10/13/2022,43.88,1428720,41.67,44.40,41.03
10/12/2022,44.01,589586,43.35,44.1662,42.54
10/11/2022,43.44,710065,44.01,44.74,42.2304
10/10/2022,44.38,472839,45.84,45.90,43.87
10/07/2022,45.91,629661,47.61,47.622,45.66
10/06/2022,48.73,627997,48.66,49.96,47.99
10/05/2022,48.78,825790,48.36,49.14,47.28
10/04/2022,49.55,1397545,47.91,49.89,47.805
10/03/2022,46.16,738139,45.84,46.631,44.57
09/30/2022,45.64,699679,45.56,47.52,45.32
09/29/2022,45.77,717284,47.02,47.20,45.27
09/28/2022,48.20,799509,46.57,48.46,46.3257
09/27/2022,46.53,808994,46.96,47.8416,45.72
09/26/2022,45.59,934766,46.24,47.59,45.57
09/23/2022,46.12,1327038,46.36,47.09,45.26
09/22/2022,47.19,894610,49.03,49.49,47.01
09/21/2022,49.40,1403290,50.57,51.96,49.36
09/20/2022,50.28,574055,51.22,51.70,50.21
09/19/2022,51.97,497963,51.13,51.9875,50.69
09/16/2022,51.86,744593,52.70,52.85,51.46
09/15/2022,54.14,992204,52.79,55.51,52.64
09/14/2022,53.44,608010,52.05,53.53,51.41
09/13/2022,52.24,1222332,52.86,53.62,52.06
09/12/2022,56.18,692932,55.03,56.29,54.952
09/09/2022,54.75,883318,53.36,54.9139,53.25
09/08/2022,52.10,524551,49.98,52.10,49.66
09/07/2022,50.79,1080811,48.76,50.86,48.6212
09/06/2022,49.14,735994,50.15,50.18,48.58
09/02/2022,49.95,1125177,51.84,51.84,49.64
09/01/2022,50.76,978147,50.50,50.83,48.64
08/31/2022,51.46,793437,52.64,53.455,51.14
08/30/2022,51.68,569359,52.50,53.36,50.76
08/29/2022,51.91,565167,51.41,53.20,51.41
08/26/2022,52.51,1122010,55.53,55.70,52.41
08/25/2022,55.55,445359,54.97,55.58,54.13
08/24/2022,54.27,365357,53.63,55.21,53.43
08/23/2022,53.43,608778,53.99,55.21,53.34
08/22/2022,54.26,853945,54.65,55.64,53.875
08/19/2022,56.01,678982,57.71,57.85,55.80
08/18/2022,59.66,319312,60.21,60.21,58.89
08/17/2022,60.22,687004,61.65,62.01,59.86
08/16/2022,63.01,765922,63.51,64.11,60.84
08/15/2022,63.94,479305,63.17,64.51,62.98
08/12/2022,63.88,491231,62.30,63.99,61.25
08/11/2022,61.46,733599,64.43,65.7588,61.25
08/10/2022,62.97,1056508,61.99,63.01,60.69
08/09/2022,59.37,575786,61.85,61.99,58.86
08/08/2022,62.88,1071027,62.57,64.78,62.39
08/05/2022,61.81,647686,60.12,63.20,59.66
08/04/2022,61.70,830777,62.21,63.36,60.72
08/03/2022,60.86,780141,58.04,61.1399,57.92
08/02/2022,57.20,849236,54.67,58.07,54.55
08/01/2022,55.47,612041,53.99,56.42,53.28
07/29/2022,54.48,600333,53.84,54.78,53.01
07/28/2022,55.42,645926,54.37,55.51,52.67
07/27/2022,54.97,771962,52.64,55.41,52.06
07/26/2022,51.13,1008051,53.20,53.21,50.96
07/25/2022,54.85,503236,55.53,55.61,54.04
07/22/2022,55.79,632536,58.63,59.28,55.19
07/21/2022,58.82,753804,57.05,59.06,56.80
07/20/2022,57.78,939469,54.69,58.58,54.69
07/19/2022,54.51,714521,53.31,54.51,51.63
07/18/2022,52.25,946015,52.99,54.37,51.95
07/15/2022,51.68,782819,50.86,51.74,49.69
07/14/2022,49.98,921137,50.74,50.99,49.03
07/13/2022,51.10,1077712,50.00,52.37,49.43
07/12/2022,51.88,657890,52.37,53.75,50.87
07/11/2022,52.03,615921,55.10,55.21,51.88
07/08/2022,56.04,782525,54.63,57.45,54.21
07/07/2022,55.89,808338,52.93,55.94,52.65
07/06/2022,52.85,1036281,53.97,55.10,52.40
07/05/2022,54.18,1193644,49.55,54.21,48.56
07/01/2022,50.29,946031,49.29,51.16,49.06
06/30/2022,48.99,1138769,50.38,50.43,47.87
06/29/2022,51.30,791129,51.76,52.19,50.38
06/28/2022,52.10,1152379,55.18,55.89,51.93
06/27/2022,55.12,742726,56.66,57.22,53.93
06/24/2022,56.62,1276710,55.04,56.86,54.80
06/23/2022,54.32,1298409,51.64,54.53,50.81
06/22/2022,51.13,1323353,49.47,52.68,49.47
06/21/2022,50.70,1889541,49.39,51.93,49.29
06/17/2022,48.08,1713545,46.60,48.58,46.49
06/16/2022,46.42,1755255,47.83,48.47,45.95
06/15/2022,50.13,2574753,47.70,51.05,47.32
06/14/2022,47.20,725766,47.69,48.19,46.07
06/13/2022,47.22,1553132,48.35,49.57,46.93
06/10/2022,52.23,1291623,53.72,54.79,51.76
06/09/2022,55.67,862719,58.55,59.12,55.62
06/08/2022,58.97,792543,58.09,60.43,57.91
06/07/2022,57.91,1091865,55.60,58.04,54.67
06/06/2022,56.73,1184937,57.21,58.14,55.95
06/03/2022,55.65,882912,57.43,58.05,55.42
06/02/2022,59.28,1200609,55.43,59.77,55.19
06/01/2022,55.43,1345018,57.65,58.60,54.66
05/31/2022,57.40,1586212,58.82,59.59,56.52
05/27/2022,58.16,1034991,55.80,58.16,55.73
05/26/2022,55.04,909207,52.32,55.60,51.97
05/25/2022,53.03,1802753,50.52,53.57,50.52
05/24/2022,50.56,1242193,52.80,52.80,49.76
05/23/2022,54.07,1355870,54.58,54.85,52.27
05/20/2022,54.38,1847281,56.65,57.23,51.74
05/19/2022,55.58,3749584,53.08,56.99,52.73
05/18/2022,53.14,2627685,54.35,56.21,52.77
05/17/2022,55.60,2092568,55.14,56.34,52.76
05/16/2022,53.14,2371532,55.77,56.67,52.95
05/13/2022,56.36,2918794,53.36,57.01,53.36
05/12/2022,50.53,2735022,46.05,52.49,45.10
05/11/2022,47.91,2999405,50.90,53.07,47.65
05/10/2022,53.37,2358950,56.17,57.58,51.04
05/09/2022,54.22,2658213,58.54,59.29,53.71
05/06/2022,60.97,900555,63.78,63.78,59.16
05/05/2022,63.93,1686242,68.24,68.24,62.8419
05/04/2022,70.01,3816746,66.76,70.30,64.04
05/03/2022,66.87,1761375,67.03,68.90,66.215
05/02/2022,67.42,2989594,63.78,67.49,63.17
04/29/2022,64.07,2758142,66.17,69.21,63.99
04/28/2022,66.58,2461027,65.61,67.36,62.64
04/27/2022,66.20,1650180,67.17,69.16,66.08
04/26/2022,67.84,1257192,71.62,71.90,67.76
04/25/2022,72.34,1928481,69.46,72.73,69.18
04/22/2022,70.11,1127704,71.82,73.5385,69.64
04/21/2022,71.82,1390775,77.28,78.15,71.24
04/20/2022,75.16,1957622,79.12,79.28,75.11
04/19/2022,79.75,813719,76.50,80.4494,76.09
04/18/2022,76.51,904891,77.23,77.52,74.76
04/14/2022,77.66,673377,80.92,80.93,77.66
04/13/2022,81.09,903625,78.32,81.43,77.52
04/12/2022,78.37,1440693,80.83,83.04,78.12
04/11/2022,79.17,1424308,78.66,80.31,77.13
04/08/2022,80.22,874143,82.04,82.24,80.06
04/07/2022,82.54,521271,83.60,85.14,80.01
04/06/2022,83.56,1478221,86.01,86.22,81.85
04/05/2022,88.15,1443612,92.34,92.60,87.78
04/04/2022,92.45,1011716,89.01,92.7285,88.71
04/01/2022,87.94,639615,87.48,89.34,86.64
03/31/2022,87.22,904125,90.41,90.41,87.08
03/30/2022,90.57,882081,92.71,94.22,89.93
03/29/2022,93.94,1306327,90.66,94.67,89.77
03/28/2022,89.09,672412,86.48,89.38,86.00
03/25/2022,85.24,723479,87.98,88.31,84.07
03/24/2022,87.83,690599,87.64,87.90,84.42
03/23/2022,86.72,692661,86.77,89.78,85.46
03/22/2022,87.95,1231384,84.30,88.83,84.07
03/21/2022,83.93,903357,85.40,86.14,82.13
03/18/2022,86.05,1039470,81.50,86.24,81.28
03/17/2022,82.10,1240027,77.47,82.24,76.68
03/16/2022,78.36,2502920,73.393,78.36,73.38
03/15/2022,71.39,1591018,69.00,71.62,67.95
03/14/2022,68.48,1547332,71.18,72.25,67.86
03/11/2022,71.67,1196784,77.04,77.19,71.52
03/10/2022,76.30,722805,77.43,77.43,74.34
03/09/2022,79.21,1803840,77.41,79.83,77.33
03/08/2022,74.39,1060899,73.38,77.26,71.70
03/07/2022,73.84,1734388,77.80,79.42,73.72
03/04/2022,77.66,1240201,81.57,82.54,77.06
03/03/2022,81.72,942155,86.96,87.02,81.19
03/02/2022,86.74,808089,87.67,87.785,84.14
03/01/2022,87.74,1500708,89.18,90.73,87.061
02/28/2022,89.03,1389276,85.65,90.03,85.25
02/25/2022,85.41,1238814,84.31,85.42,81.23
02/24/2022,83.23,2830756,73.32,83.605,73.21
02/23/2022,78.00,1482180,81.59,82.31,77.97
02/22/2022,80.73,2318572,80.32,83.54,79.82
02/18/2022,82.43,3168453,85.86,86.08,81.70
02/17/2022,87.35,1562597,91.89,92.05,86.96
02/16/2022,93.17,868536,94.31,94.36,91.93
02/15/2022,96.61,1302931,94.19,96.74,93.33
02/14/2022,91.84,817965,91.80,94.90,90.87
02/11/2022,92.19,1451380,95.49,97.01,91.13
02/10/2022,95.01,1861162,95.87,100.17,94.29
02/09/2022,97.73,1000598,95.05,97.77,94.20
02/08/2022,93.26,1497088,91.55,93.52,90.17
02/07/2022,92.37,1147845,92.58,95.46,91.80
02/04/2022,92.14,1157965,87.91,93.17,86.45
02/03/2022,86.50,1453891,88.30,90.02,86.25
02/02/2022,92.13,1299620,97.30,97.30,90.78
02/01/2022,96.97,1458540,96.45,97.21,93.01
01/31/2022,94.85,2447962,88.21,94.85,88.21
01/28/2022,87.27,2388925,84.00,87.67,81.81
01/27/2022,83.98,1658088,89.03,89.03,83.58
01/26/2022,87.28,1892404,93.05,93.98,86.69
01/25/2022,89.49,2190090,90.47,92.24,87.74
01/24/2022,92.88,4757457,86.45,93.05,82.73
01/21/2022,91.24,2237281,96.01,96.96,91.071
01/20/2022,97.90,1416614,99.46,103.35,97.70
01/19/2022,97.79,1865860,99.49,101.60,97.76
01/18/2022,98.95,2029249,100.61,102.44,98.75
01/14/2022,102.53,1623554,102.28,104.17,99.98
01/13/2022,102.98,1187528,109.59,109.60,102.81
01/12/2022,108.87,1238760,111.89,113.05,108.09
01/11/2022,110.14,1718431,106.41,110.76,105.41
01/10/2022,106.70,3502996,104.50,106.78,101.50
01/07/2022,106.76,1633751,108.28,110.93,105.87
01/06/2022,108.78,1899609,108.04,110.2885,104.87
01/05/2022,108.90,1997845,114.90,116.27,108.48
01/04/2022,116.15,1196260,120.63,120.75,113.83
01/03/2022,120.67,1203438,120.75,121.49,117.79
12/31/2021,118.58,930809,120.88,122.13,118.51
12/30/2021,120.91,1185206,117.71,122.59,117.71
12/29/2021,118.09,917450,119.24,119.28,116.62
12/28/2021,122.73,748468,125.50,126.38,122.37
12/27/2021,125.78,852460,126.00,127.06,125.17
12/23/2021,126.09,848768,123.79,126.48,121.84
12/22/2021,123.86,966300,123.48,125.35,122.55
12/21/2021,123.75,853355,120.41,123.89,119.20
12/20/2021,118.66,1009337,118.89,120.56,117.41
12/17/2021,121.55,1459881,116.50,122.34,114.55
12/16/2021,117.89,1292621,123.26,123.47,116.49
12/15/2021,121.56,1503023,119.63,122.20,115.37
12/14/2021,120.66,1176171,119.37,122.13,118.47
12/13/2021,122.01,1493783,124.44,125.42,119.89
12/10/2021,125.42,1206675,128.88,130.39,124.53
12/09/2021,127.73,997105,133.80,135.01,127.18
12/08/2021,134.50,1125876,130.73,135.01,128.69
12/07/2021,130.00,1441747,128.93,131.59,128.83
12/06/2021,124.81,1888155,121.02,125.31,118.04
12/03/2021,124.19,2443577,130.49,130.59,121.46
12/02/2021,130.75,1488657,130.43,133.19,127.84
12/01/2021,130.44,1615810,140.69,141.175,130.34
11/30/2021,139.33,1476616,143.11,144.27,137.52
11/29/2021,142.54,499389,143.98,144.45,140.00
11/26/2021,141.63,841734,141.93,143.44,140.47
11/24/2021,142.59,1225011,139.32,143.01,137.80
11/23/2021,140.32,1139707,143.06,143.92,137.68
11/22/2021,143.96,1301740,150.66,150.73,142.40
11/19/2021,149.93,696653,151.33,152.50,149.67
11/18/2021,150.97,939485,154.55,155.10,149.97
11/17/2021,154.34,562940,155.89,156.20,153.86
11/16/2021,156.19,576403,154.43,156.58,153.91
11/15/2021,155.83,697523,157.12,157.85,154.67
11/12/2021,156.61,621279,154.56,156.72,153.87
11/11/2021,153.60,472518,155.22,155.83,153.60
11/10/2021,153.69,1100167,155.71,158.35,151.74
11/09/2021,158.30,1080738,161.48,162.04,156.64
11/08/2021,159.46,791112,157.68,160.63,157.64
11/05/2021,157.71,630588,160.09,160.85,156.48
11/04/2021,160.29,1018001,161.00,161.97,159.14
11/03/2021,160.74,557356,158.27,160.78,157.25
11/02/2021,158.93,660827,160.57,160.67,157.7101
11/01/2021,161.28,783606,158.01,161.30,157.89
10/29/2021,156.97,437739,156.00,157.72,155.555
10/28/2021,156.45,380566,153.22,156.80,153.22
10/27/2021,153.42,675256,156.32,157.09,153.31
10/26/2021,156.92,1007247,159.60,161.08,156.251
10/25/2021,158.10,1186972,154.23,158.87,153.45
10/22/2021,152.99,797907,154.76,155.04,151.60
10/21/2021,155.54,397092,154.24,156.695,154.2356
10/20/2021,154.95,537785,155.00,155.76,153.96
10/19/2021,154.10,593676,152.55,154.7896,152.22
10/18/2021,151.46,462877,148.83,152.07,148.60
10/15/2021,149.32,462118,149.08,149.514,148.28
10/14/2021,148.18,373297,147.99,149.37,147.64
10/13/2021,146.13,470480,143.21,146.23,143.21
10/12/2021,142.95,476131,143.00,143.729,142.05
10/11/2021,142.04,619939,142.36,144.44,141.93
10/08/2021,142.57,449280,145.25,145.35,142.39
10/07/2021,144.12,597694,142.93,145.171,142.60
10/06/2021,141.34,637554,138.43,141.96,138.32
10/05/2021,139.02,469239,137.39,140.29,137.32
10/04/2021,136.98,713941,140.27,140.27,135.35
10/01/2021,140.61,697371,140.19,141.10,138.42
09/30/2021,138.87,610592,138.24,140.14,137.82
09/29/2021,137.41,905957,141.21,141.63,137.26
09/28/2021,140.35,1448051,144.20,144.51,139.88
09/27/2021,146.28,864230,146.31,146.66,144.57
09/24/2021,147.13,964641,146.95,147.39,145.4301
09/23/2021,148.99,484921,148.56,149.25,147.95
09/22/2021,147.33,549974,145.08,147.80,144.57
09/21/2021,144.89,676604,145.07,145.98,143.685
09/20/2021,144.29,1612226,144.88,146.60,141.91
09/17/2021,150.50,455118,148.98,150.50,147.94
09/16/2021,148.98,690951,147.58,149.20,146.68
09/15/2021,148.03,471892,146.81,148.1701,145.44
09/14/2021,146.57,622285,148.45,149.44,145.97
09/13/2021,147.45,786984,150.00,150.12,144.53
09/10/2021,149.78,396830,151.80,152.55,149.60
09/09/2021,150.99,397638,150.33,152.35,150.21
09/08/2021,150.38,939405,153.005,153.06,149.05
09/07/2021,153.78,617938,154.70,155.76,152.73
09/03/2021,154.33,413106,153.24,154.80,152.84
09/02/2021,153.33,512947,153.56,154.92,152.95
09/01/2021,152.45,745731,151.63,153.68,151.46
08/31/2021,151.07,496842,151.13,151.83,150.18
08/30/2021,151.95,572508,151.12,152.511,150.33
08/27/2021,150.92,358632,148.80,151.18,148.44
08/26/2021,148.62,638014,150.60,151.98,148.10
08/25/2021,151.13,495435,150.49,151.415,149.91
08/24/2021,150.55,685242,149.60,150.70,149.33
08/23/2021,148.32,504608,146.74,148.7499,146.53
08/20/2021,145.45,670138,143.51,145.90,143.35
08/19/2021,142.49,831470,141.91,144.304,141.28
08/18/2021,143.52,667685,143.93,146.27,143.19
08/17/2021,143.85,952725,143.99,145.53,142.34
08/16/2021,145.84,713552,148.40,148.58,144.08
08/13/2021,149.30,514075,150.56,151.05,149.21
08/12/2021,150.18,424419,149.57,150.48,148.37
08/11/2021,150.05,688102,151.33,151.80,148.39
08/10/2021,149.93,590539,152.70,153.49,149.68
08/09/2021,152.38,744214,150.34,153.07,149.71
08/06/2021,149.33,896656,151.53,152.034,148.33
08/05/2021,151.60,798782,148.94,152.33,148.23
08/04/2021,150.05,789458,147.10,150.31,147.10
08/03/2021,147.41,610671,149.15,149.32,145.64
08/02/2021,148.88,716137,147.98,150.58,146.58
07/30/2021,147.55,639072,147.66,149.69,146.886
07/29/2021,149.19,2030191,149.18,151.55,148.84
07/28/2021,148.70,664321,145.86,149.165,144.96
07/27/2021,145.73,677179,148.34,148.79,142.19
07/26/2021,148.78,1099514,148.86,149.72,147.64
07/23/2021,148.19,722591,147.03,148.48,146.20
07/22/2021,146.27,361573,146.59,147.42,145.46
07/21/2021,146.19,639371,144.28,146.43,143.68
07/20/2021,143.71,967872,141.39,144.57,139.20
07/19/2021,140.61,1179869,136.95,140.89,136.27
07/16/2021,140.31,1007786,142.08,142.35,139.50
07/15/2021,140.98,797078,143.10,144.47,138.81
07/14/2021,143.13,845356,148.23,148.3099,143.10
07/13/2021,147.17,792105,148.36,149.77,146.97
07/12/2021,148.81,495181,149.50,150.82,147.5211
07/09/2021,148.90,571330,147.29,149.05,145.69
07/08/2021,146.59,900316,143.60,147.57,142.41
07/07/2021,148.38,853497,151.61,152.33,147.395
07/06/2021,150.73,860041,150.96,152.15,149.435
07/02/2021,150.69,1080172,152.37,153.92,150.40
07/01/2021,151.26,824447,154.25,154.3523,150.30
06/30/2021,154.07,939775,155.23,155.23,153.60
06/29/2021,155.92,945714,155.39,156.50,154.40
06/28/2021,155.18,1448746,152.75,155.51,152.68
06/25/2021,151.55,978499,152.5713,153.3096,150.37
06/24/2021,152.10,1227014,150.52,153.99,150.52
06/23/2021,148.79,1146553,147.04,149.35,146.92
06/22/2021,145.99,1296608,142.69,146.25,142.54
06/21/2021,143.54,876573,143.28,144.28,140.6502
06/18/2021,143.93,930660,142.84,145.18,142.71
06/17/2021,143.41,852469,138.8164,144.2994,138.61
06/16/2021,139.56,846231,139.57,140.67,136.921
06/15/2021,139.61,618638,142.34,142.96,139.3101
06/14/2021,142.65,973825,141.21,143.55,141.21
06/11/2021,140.46,412349,139.49,140.60,139.08
06/10/2021,139.30,769048,137.38,139.41,136.97
06/09/2021,137.69,756848,139.43,140.50,137.5581
06/08/2021,138.45,795599,139.48,140.13,135.82
06/07/2021,138.27,1261972,135.52,138.52,134.66
06/04/2021,135.74,762642,135.77,136.7099,135.10
06/03/2021,134.52,806975,136.85,137.62,134.28
06/02/2021,138.49,834989,138.13,139.42,137.30
06/01/2021,138.05,1759009,138.74,140.05,136.57
05/28/2021,137.61,779106,138.92,140.68,137.58
05/27/2021,138.59,1004601,137.44,138.61,135.10
05/26/2021,137.37,1120780,136.005,137.9747,135.61
05/25/2021,134.90,845069,135.42,136.47,134.07
05/24/2021,134.48,2471164,131.34,135.15,130.70
05/21/2021,130.52,1263001,132.83,133.45,130.34
05/20/2021,131.30,1738345,129.33,131.73,128.88
05/19/2021,127.07,1322201,122.67,127.23,122.67
05/18/2021,128.57,721294,127.27,130.83,126.21
05/17/2021,127.31,959015,126.54,128.8201,124.44
05/14/2021,128.60,1199587,125.76,129.19,124.62
05/13/2021,123.49,2195304,128.52,129.39,120.79
05/12/2021,127.75,2217708,130.13,132.36,126.71
05/11/2021,133.01,2583839,123.61,133.28,123.61
05/10/2021,130.04,3153209,135.40,135.40,129.98
05/07/2021,137.25,2956517,137.57,140.34,136.50
05/06/2021,134.92,2563212,137.55,137.72,132.46
05/05/2021,138.73,1565667,142.74,142.98,138.04
05/04/2021,141.31,2052616,142.94,143.15,137.86
05/03/2021,145.25,1290937,149.17,149.41,144.9501
04/30/2021,148.57,636990,147.43,150.64,147.36
04/29/2021,150.10,1019368,155.41,155.47,148.54
04/28/2021,154.19,755037,154.00,155.27,152.41
04/27/2021,155.11,932433,156.75,157.74,154.42
04/26/2021,156.74,1166610,153.113,156.91,152.075
04/23/2021,152.00,888240,148.65,152.4089,148.65
04/22/2021,148.50,949103,151.19,152.71,147.66
04/21/2021,150.26,922966,145.70,150.26,144.48
04/20/2021,147.72,1095217,149.60,150.98,145.485
04/19/2021,150.28,1349331,152.44,153.62,148.38
04/16/2021,155.41,704967,157.6301,157.6301,153.80
04/15/2021,157.65,1352459,157.78,158.19,156.06
04/14/2021,155.30,1238011,161.347,161.79,154.93
04/13/2021,160.08,999633,155.55,160.2399,155.51
04/12/2021,154.20,705672,154.03,154.825,151.98
04/09/2021,154.29,640284,153.88,154.45,152.57
04/08/2021,154.73,1176949,152.57,155.03,152.55
04/07/2021,150.64,594694,152.86,153.84,150.28
04/06/2021,153.35,789738,150.62,154.54,150.57
04/05/2021,150.55,1237742,153.50,153.50,149.35
04/01/2021,150.00,2054121,151.40,153.31,149.27
03/31/2021,147.44,1796744,144.53,148.52,144.53
03/30/2021,142.54,1033897,138.33,143.01,137.12
03/29/2021,139.49,1202486,142.11,143.039,138.1301
03/26/2021,142.43,1592029,142.39,144.52,137.25
03/25/2021,141.99,1884535,138.17,142.5799,137.00
03/24/2021,142.59,1782510,152.55,152.55,142.25
03/23/2021,151.26,1009929,154.78,154.78,150.75
03/22/2021,154.37,955676,154.70,156.25,153.13
03/19/2021,153.34,1193705,150.58,153.766,148.60
03/18/2021,150.71,1673803,156.12,157.11,149.98
03/17/2021,159.81,1509304,153.74,160.75,152.35
03/16/2021,157.93,1338736,162.48,162.90,155.80
03/15/2021,160.74,1202389,158.43,160.76,156.52
03/12/2021,157.48,1500525,154.94,157.76,152.63
03/11/2021,159.40,3438314,156.38,160.26,154.50
03/10/2021,150.60,2874735,156.20,156.5899,149.75
03/09/2021,151.15,2486377,145.97,152.35,145.00
03/08/2021,138.36,3062713,145.16,148.50,137.891
03/05/2021,146.07,5673743,148.64,149.00,132.70
03/04/2021,147.50,5272629,154.58,156.7499,142.89
03/03/2021,156.15,2796007,165.17,165.8499,155.7101
03/02/2021,164.39,1602000,170.18,170.48,164.39
03/01/2021,168.33,2447246,166.00,168.45,164.1036
02/26/2021,160.89,2703974,161.02,163.56,155.95
02/25/2021,160.26,3383558,168.91,171.51,158.92
02/24/2021,170.54,2399817,169.10,171.7762,165.91
02/23/2021,170.16,6257371,165.57,170.749,156.88
02/22/2021,175.29,2683960,181.00,182.44,175.06
02/19/2021,185.05,1808042,183.89,186.45,183.36
02/18/2021,181.36,2345860,181.18,182.2319,178.02
02/17/2021,184.90,2504087,185.88,186.00,180.18
02/16/2021,187.44,3340587,190.28,191.13,185.78
02/12/2021,187.47,1731371,184.89,187.50,183.30
02/11/2021,185.14,2020002,184.68,186.6187,182.86
02/10/2021,182.33,2819061,185.68,185.70,177.96
02/09/2021,183.00,2230640,180.31,183.53,179.93
02/08/2021,179.60,2313490,179.49,180.28,178.48
02/05/2021,175.80,2115140,174.66,175.98,172.8838
02/04/2021,173.64,1259476,173.28,173.64,171.6406
02/03/2021,171.08,1889267,171.65,172.09,168.90
02/02/2021,169.55,2295584,167.38,169.79,166.75
02/01/2021,164.51,1935523,161.26,164.74,160.38
01/29/2021,158.81,2266805,160.56,162.33,156.7201
01/28/2021,160.98,1375390,158.77,162.6663,158.0851
01/27/2021,158.57,1697928,159.70,163.00,157.0201
01/26/2021,163.40,1047162,166.68,166.73,163.08
01/25/2021,166.17,1703915,167.50,169.9054,161.43
01/22/2021,164.81,888273,162.53,164.93,162.50
01/21/2021,163.43,1143654,164.6901,164.83,162.0449
01/20/2021,163.83,1542520,163.51,164.49,161.7711
01/19/2021,160.41,1272932,159.01,160.43,158.6401
01/15/2021,156.67,1338811,160.52,161.00,156.24
01/14/2021,159.77,1312932,160.85,162.36,159.52
01/13/2021,159.40,1082060,159.09,160.5018,157.80
01/12/2021,158.71,1421154,156.43,158.93,155.93
01/11/2021,154.97,1522906,156.16,157.48,153.76
01/08/2021,159.39,2322658,158.4199,160.3981,156.94
01/07/2021,155.27,1665601,150.6599,155.37,150.6599
01/06/2021,148.04,1681642,148.34,150.67,147.07
01/05/2021,149.71,1249797,145.21,149.72,145.10
01/04/2021,145.77,1817297,147.71,148.30,143.16
12/31/2020,146.36,925855,148.08,148.08,145.77
12/30/2020,147.61,921350,146.19,147.79,145.95
12/29/2020,145.09,1800565,147.00,147.34,143.15
12/28/2020,147.80,1984326,153.63,154.06,147.611
12/24/2020,151.38,824991,153.00,153.29,151.10
12/23/2020,152.59,1275491,154.89,155.00,151.53
12/22/2020,153.94,1658077,154.00,154.58,151.26
12/21/2020,152.03,1928179,150.41,152.40,149.5041
12/18/2020,150.83,1439689,151.05,151.28,149.14
12/17/2020,149.46,1188373,148.34,149.88,148.2254
12/16/2020,145.57,785151,145.55,145.98,143.5739
12/15/2020,144.69,780214,145.71,145.88,143.61
12/14/2020,144.42,992330,145.90,145.90,144.0849
12/11/2020,143.77,1078539,143.45,144.52,141.2583
12/10/2020,144.06,1240178,136.12,144.16,136.12
12/09/2020,139.64,1836823,145.27,145.46,138.25
12/08/2020,143.66,1344600,142.27,144.06,141.3601
12/07/2020,141.96,1588225,140.57,142.48,139.7001
12/04/2020,139.07,1035508,137.89,139.14,136.7388
12/03/2020,136.31,859566,136.45,137.72,135.79
12/02/2020,134.64,859756,133.48,134.83,131.04
12/01/2020,135.20,1294258,138.13,138.13,134.06
11/30/2020,136.11,1179502,136.28,136.91,131.50
11/27/2020,134.61,762951,133.89,134.69,133.02
11/25/2020,132.72,825325,129.16,132.72,128.95
11/24/2020,129.21,1035347,130.55,130.55,127.8501
11/23/2020,129.00,940769,128.17,129.59,126.92
11/20/2020,126.46,1160849,125.00,127.37,124.68
11/19/2020,124.13,638716,121.01,124.5599,121.01
11/18/2020,120.91,524104,120.94,122.06,119.77
11/17/2020,120.48,817203,119.75,120.8755,119.25
11/16/2020,118.45,857280,117.94,118.94,116.62
11/13/2020,118.38,1255105,119.51,119.74,117.185
11/12/2020,118.08,1197061,118.80,119.9283,117.5401
11/11/2020,117.62,799921,115.35,117.71,114.53
11/10/2020,113.00,1580366,116.16,116.70,110.02
11/09/2020,117.49,2130748,127.36,127.586,117.4125
11/06/2020,125.16,968557,122.72,125.40,121.69
11/05/2020,121.94,1225950,122.53,122.53,120.2243
11/04/2020,118.77,1142230,116.61,119.30,115.625
11/03/2020,113.23,840030,112.53,114.00,111.0462
11/02/2020,111.19,850405,112.15,113.20,109.5624
10/30/2020,110.81,1171807,115.32,115.80,110.02
10/29/2020,117.00,621612,115.90,117.62,115.83
10/28/2020,114.61,729615,115.90,116.1209,113.95
10/27/2020,118.19,463852,117.18,118.46,116.9644
10/26/2020,116.22,778409,117.78,119.18,114.50
10/23/2020,118.54,362996,117.87,118.58,116.1816
10/22/2020,117.34,577258,118.57,119.095,115.69
10/21/2020,117.51,494596,118.34,119.5287,117.26
10/20/2020,117.34,513975,118.72,118.88,117.125
10/19/2020,117.99,578190,119.50,120.23,117.4601
10/16/2020,118.31,583030,120.78,120.78,118.2301
10/15/2020,119.18,846700,117.81,119.237,117.25
10/14/2020,120.37,1147264,122.00,122.17,119.02
10/13/2020,121.22,997471,119.43,121.47,118.99
10/12/2020,118.95,837396,120.22,120.30,118.55
10/09/2020,117.84,725343,117.23,117.99,116.8545
10/08/2020,115.92,580694,116.53,116.63,115.54
10/07/2020,114.37,537375,113.42,114.86,113.02
10/06/2020,111.83,918600,112.90,114.04,110.8621
10/05/2020,112.57,742999,111.55,112.70,111.0117
10/02/2020,110.06,958653,108.84,111.99,108.72
10/01/2020,112.06,747028,110.16,112.10,109.8715
09/30/2020,108.60,459713,108.34,109.82,107.8201
09/29/2020,108.19,424125,108.06,108.8899,107.4155
09/28/2020,107.84,596315,108.74,108.74,106.82
09/25/2020,106.00,411249,103.74,106.2364,103.29
09/24/2020,103.00,524642,101.26,104.41,100.44
09/23/2020,103.14,477363,106.61,106.87,102.64
09/22/2020,106.97,545491,105.76,107.12,104.2703
09/21/2020,105.33,786217,101.41,105.43,100.86
09/18/2020,103.14,363732,104.44,104.44,101.11
09/17/2020,103.05,511299,101.46,103.62,101.359
09/16/2020,105.04,596461,106.03,106.68,104.78
09/15/2020,105.78,876376,105.33,106.43,104.38
09/14/2020,103.09,438280,101.89,103.2812,101.161
09/11/2020,100.01,557902,101.94,102.2719,98.40
09/10/2020,100.85,763554,103.81,104.99,100.1453
09/09/2020,102.14,1169304,101.77,102.54,99.88
09/08/2020,99.25,1736776,97.63,102.5493,97.38
09/04/2020,104.15,2535580,105.36,107.10,97.71
09/03/2020,106.63,1693324,110.41,110.7441,105.28
09/02/2020,114.47,1454852,117.24,117.24,111.23
09/01/2020,115.45,898277,113.83,115.6974,113.2901
08/31/2020,112.47,831020,110.81,112.89,110.36
08/28/2020,110.30,545176,109.92,111.16,109.6221
08/27/2020,109.10,744141,109.65,110.17,107.80
08/26/2020,109.26,657349,106.43,109.56,106.40
08/25/2020,105.58,422003,104.42,105.70,103.58
08/24/2020,104.63,653967,107.05,107.05,103.6111
08/21/2020,105.04,481160,105.79,106.1399,104.84
08/20/2020,105.23,548411,102.69,105.486,102.451
08/19/2020,103.10,447681,103.47,104.298,102.68
08/18/2020,103.47,523319,103.68,103.8889,102.39
08/17/2020,102.26,412056,100.22,102.38,100.1134
08/14/2020,99.03,313834,100.37,100.41,98.69
08/13/2020,99.56,575522,99.15,100.35,98.9224
08/12/2020,98.40,593370,97.80,98.93,97.51
08/11/2020,96.10,649617,97.85,98.65,95.96
08/10/2020,98.27,747695,101.04,101.1412,97.111
08/07/2020,100.38,765318,102.75,103.33,99.035
08/06/2020,103.21,459988,103.44,103.6174,102.28
08/05/2020,103.44,872326,103.41,103.9792,102.88
08/04/2020,101.73,761822,101.68,102.3376,100.7801
08/03/2020,101.58,1570226,100.24,101.91,100.0885
07/31/2020,99.49,1197936,99.93,99.94,97.8597
07/30/2020,97.91,399289,96.27,98.18,95.686
07/29/2020,97.18,351417,96.09,97.71,95.92
07/28/2020,95.13,356246,96.33,97.04,95.05
07/27/2020,96.75,425067,95.15,96.85,94.162
07/24/2020,93.90,758264,93.39,94.99,91.76
07/23/2020,95.49,698874,98.84,99.19,94.4414
07/22/2020,97.93,400474,98.31,99.01,97.15
07/21/2020,98.04,588619,100.10,100.315,97.76
07/20/2020,98.94,623976,94.90,99.11,94.80
07/17/2020,94.34,351670,94.02,94.63,93.2701
07/16/2020,93.67,357443,93.05,94.3499,92.30
07/15/2020,94.67,805906,95.02,95.16,92.2201
07/14/2020,93.60,1098801,92.50,94.2972,89.52
07/13/2020,93.24,1459762,99.85,100.91,92.97
07/10/2020,97.36,512315,96.68,97.409,95.2612
07/09/2020,96.65,962446,97.01,97.25,94.40
07/08/2020,95.79,842543,94.13,95.85,94.00
07/07/2020,92.77,750922,92.71,94.60,92.00
07/06/2020,92.29,1076528,91.52,93.606,91.07
07/02/2020,88.94,1177992,89.94,89.95,88.8001
07/01/2020,87.84,1372561,85.16,88.265,85.10
06/30/2020,84.85,861907,83.00,85.0587,82.86
06/29/2020,82.85,388289,82.94,82.9665,80.72
06/26/2020,82.94,536421,84.43,84.977,82.31
06/25/2020,84.40,380605,82.91,84.40,82.49
06/24/2020,83.03,551697,84.99,85.87,82.03
06/23/2020,85.65,505519,86.19,86.66,85.325
06/22/2020,85.30,543300,84.17,85.50,84.17
06/19/2020,83.79,513104,84.76,85.109,83.30
06/18/2020,83.47,394239,82.00,83.51,81.98
06/17/2020,81.98,599379,81.77,82.74,81.3915
06/16/2020,81.23,548512,81.26,81.32,79.21
06/15/2020,79.20,542766,75.15,79.20,74.87
06/12/2020,76.78,587758,78.24,78.58,75.07
06/11/2020,76.12,861582,78.40,79.567,75.98
06/10/2020,80.87,366334,80.61,81.23,79.5288
06/09/2020,79.36,373454,78.99,80.115,78.28
06/08/2020,79.26,438082,78.00,79.31,77.89
06/05/2020,77.53,319988,77.27,77.72,76.3418
06/04/2020,76.55,407644,77.90,78.49,75.97
06/03/2020,78.09,341220,77.90,78.39,77.35
06/02/2020,77.49,336622,77.34,77.8486,76.13
06/01/2020,76.91,472097,75.22,77.04,75.22
05/29/2020,75.09,282791,73.54,75.2573,73.43
05/28/2020,73.40,279780,73.36,74.83,72.8772
05/27/2020,73.57,525095,74.00,74.00,70.4468
05/26/2020,74.01,420704,75.86,75.86,73.8301
05/22/2020,74.12,271336,73.63,74.25,72.9585
05/21/2020,73.66,399707,73.94,74.16,72.38
05/20/2020,74.13,416336,73.74,74.405,73.30
05/19/2020,72.49,376340,72.02,73.64,72.02
05/18/2020,71.83,393501,72.94,73.29,71.635
05/15/2020,71.01,251047,69.33,71.239,69.155
05/14/2020,70.05,274429,68.24,70.14,67.2719
05/13/2020,69.02,440803,70.70,71.1574,67.4501
05/12/2020,70.42,310679,72.23,72.624,70.41
05/11/2020,71.74,362134,70.85,72.1988,70.4302
05/08/2020,71.54,430440,70.50,71.92,69.60
05/07/2020,70.00,333145,68.08,70.32,68.0394
05/06/2020,66.79,351445,66.27,67.4265,65.91
05/05/2020,65.94,248782,65.97,66.94,65.576
05/04/2020,64.93,233069,62.11,64.94,62.11
05/01/2020,62.89,329523,63.72,64.5612,62.33
04/30/2020,65.69,231595,66.76,67.36,65.2873
04/29/2020,66.30,284698,64.50,66.54,64.09
04/28/2020,63.01,300654,65.79,65.80,62.591
04/27/2020,64.96,263563,63.96,65.15,63.74
04/24/2020,62.93,178780,61.93,63.06,61.37
04/23/2020,61.69,188599,62.19,62.9967,61.63
04/22/2020,62.11,237362,61.13,62.32,60.65
04/21/2020,59.34,294721,61.00,61.319,58.37
04/20/2020,62.09,309430,61.39,63.25,61.0035
04/17/2020,61.92,338551,62.25,62.25,61.195
04/16/2020,60.95,299616,60.35,61.70,59.8001
04/15/2020,59.93,279990,59.66,60.23,58.75
04/14/2020,60.31,371859,59.25,60.88,59.11
04/13/2020,57.42,201772,56.61,57.49,55.4077
04/09/2020,56.46,344417,56.32,57.68,55.86
04/08/2020,55.28,228586,54.23,55.50,53.79
04/07/2020,53.27,186256,54.84,55.11,52.75
04/06/2020,52.63,152232,50.52,52.7114,49.94
04/03/2020,48.10,183474,49.40,49.84,47.59
04/02/2020,48.96,207040,48.77,50.39,48.12
04/01/2020,49.12,317149,50.97,51.12,48.75
03/31/2020,52.73,199023,53.31,54.53,52.0915
03/30/2020,53.5127,348169,52.97,53.64,52.21
03/27/2020,52.76,257951,53.35,53.92,52.16
03/26/2020,54.98,712246,53.30,55.19,53.01
03/25/2020,52.84,345144,52.84,55.17,51.588
03/24/2020,51.74,324593,50.36,52.20,49.89
03/23/2020,47.15,194984,46.38,47.65,44.79
03/20/2020,45.96,205097,47.81,49.6307,45.8846
03/19/2020,46.43,200184,42.93,47.3699,42.21
03/18/2020,42.71,193898,43.69,45.0619,40.495
03/17/2020,46.51,226554,45.60,47.81,42.67
03/16/2020,44.34,245919,45.71,48.27,44.23
03/13/2020,52.23,295716,52.50,53.0864,48.17
03/12/2020,49.74,445822,51.31,52.82,49.63
03/11/2020,56.06,212922,58.18,58.6647,55.02
03/10/2020,59.44,225833,59.21,59.4899,56.38
03/09/2020,56.78,295580,56.24,58.79,55.3701
03/06/2020,61.86,258375,61.87,62.5149,60.54
03/05/2020,63.78,177864,63.72,65.11,63.2401
03/04/2020,65.20,174737,64.62,65.24,63.50
03/03/2020,63.44,410825,65.59,66.15,62.34
03/02/2020,64.98,557484,64.28,65.00,62.58
02/28/2020,63.13,359228,59.83,63.30,59.65
02/27/2020,62.27,429447,62.85,65.0693,61.60
02/26/2020,64.32,267268,64.94,65.995,63.90
02/25/2020,64.85,344134,67.41,67.838,64.44
02/24/2020,66.83,415535,65.88,67.3888,65.2927
02/21/2020,69.92,304678,71.21,71.25,69.381
02/20/2020,71.60,261135,72.00,72.60,70.10
02/19/2020,71.97,309916,71.74,72.34,71.5512
02/18/2020,70.83,243735,70.42,70.83,70.01
02/14/2020,70.04,248689,70.15,70.67,69.86
02/13/2020,69.91,172912,68.80,70.389,68.7223
02/12/2020,69.46,225952,69.28,69.5444,68.8582
02/11/2020,68.69,240744,68.53,69.25,68.15
02/10/2020,68.00,188560,67.25,68.10,67.20
02/07/2020,67.06,192145,66.91,67.483,66.81
02/06/2020,67.08,277006,66.52,67.71,66.05
02/05/2020,66.22,397310,69.00,69.00,65.945
02/04/2020,68.50,477132,67.75,69.309,67.08
02/03/2020,65.83,286896,63.62,65.87,63.62
01/31/2020,63.17,134510,64.26,64.26,62.6961
01/30/2020,64.22,104348,63.32,64.2299,63.1864
01/29/2020,63.52,81320,63.69,63.8628,63.0357
01/28/2020,63.33,158215,62.56,63.44,62.34
01/27/2020,61.97,190885,61.30,62.37,60.65
01/24/2020,63.31,132199,64.29,64.4926,62.641
01/23/2020,63.77,107063,63.09,63.91,62.7501
01/22/2020,63.41,124099,63.73,64.29,63.25
01/21/2020,63.17,82800,63.17,63.54,62.95
01/17/2020,63.17,79329,63.35,63.43,63.00
01/16/2020,63.08,73433,62.80,63.08,62.481
01/15/2020,62.64,120387,62.76,63.3736,62.5065
01/14/2020,62.67,105057,62.78,63.12,62.16
01/13/2020,62.58,114741,61.59,62.66,61.59
01/10/2020,61.06,69211,61.65,61.65,60.8629
01/09/2020,61.28,119729,61.48,61.6492,60.76
01/08/2020,60.99,94977,60.17,61.2999,60.10
01/07/2020,60.06,121293,59.60,60.24,59.485
01/06/2020,59.27,207756,58.09,59.34,57.95
01/03/2020,58.60,522937,58.24,58.9181,58.24
01/02/2020,58.86,763932,58.04,58.89,58.04
12/31/2019,57.59,902913,57.01,57.6799,56.81
12/30/2019,57.40,114826,58.63,58.63,57.21
12/27/2019,58.63,61407,59.34,59.34,58.52
12/26/2019,58.99,72883,58.80,59.1475,58.80
12/24/2019,58.535,24923,58.27,58.5552,58.155
12/23/2019,58.26,96810,57.98,58.47,57.81
12/20/2019,57.72,80643,57.80,57.99,57.59
12/19/2019,57.55,88728,57.02,57.5725,57.02
12/18/2019,56.95,88430,56.45,57.16,56.44
12/17/2019,56.32,36979,56.54,56.54,56.1387
12/16/2019,56.46,127691,55.60,56.6108,55.60
12/13/2019,55.1604,39643,55.33,55.9252,55.1403
12/12/2019,55.33,49654,55.17,55.60,54.94
12/11/2019,55.10,59994,55.22,55.22,54.8934
12/10/2019,55.0516,64878,55.30,55.3515,54.9242
12/09/2019,55.16,53943,55.21,55.69,55.142
12/06/2019,55.35,113932,55.39,55.59,55.2403
12/05/2019,54.86,31442,54.84,54.9699,54.49
12/04/2019,54.77,108394,54.77,54.8999,54.5418
12/03/2019,54.53,113390,53.64,54.5541,53.3103
12/02/2019,54.46,353017,55.94,55.94,54.12
11/29/2019,56.196,18733,56.35,56.35,56.11
11/27/2019,56.43,50748,56.34,56.51,56.19
11/26/2019,56.16,92088,55.94,56.16,55.7898
11/25/2019,55.94,54015,55.19,56.00,55.16
11/22/2019,54.84,76096,54.74,54.85,54.1937
11/21/2019,54.54,41480,54.53,54.95,54.40
11/20/2019,54.53,58681,54.29,54.94,53.9836
11/19/2019,54.69,74454,54.56,54.81,54.06
11/18/2019,54.47,74810,54.27,54.6957,54.1145
11/15/2019,54.27,68054,54.00,54.3499,53.86
11/14/2019,53.65,36845,53.26,53.7596,53.2001
11/13/2019,53.42,50194,53.40,53.5402,53.15
11/12/2019,53.51,51150,53.40,53.83,53.215
11/11/2019,53.44,107768,52.57,53.5492,52.57
11/08/2019,52.88,35433,52.38,52.93,52.27
11/07/2019,52.34,52807,52.33,53.0943,52.1176
11/06/2019,52.23,128923,52.20,52.40,51.96
11/05/2019,52.19,104654,52.70,52.71,52.19
11/04/2019,52.60,625181,52.42,52.7195,52.302
11/01/2019,51.92,1935261,51.60,51.94,51.47
10/31/2019,51.47,222354,51.61,51.708,50.9027
10/30/2019,51.50,48744,51.39,51.635,51.17
10/29/2019,51.36,40043,52.00,52.00,51.35
10/28/2019,52.54,58038,51.90,52.73,51.90
10/25/2019,51.61,73307,49.98,51.64,49.98
10/24/2019,50.31,37795,49.69,50.3299,49.641
10/23/2019,48.75,26722,48.85,49.34,48.60
10/22/2019,49.03,27663,49.83,49.95,49.00
10/21/2019,49.75,59113,49.26,49.7962,49.21
10/18/2019,49.05,31305,50.35,50.41,48.4613
10/17/2019,50.41,41298,50.17,50.45,50.17
10/16/2019,49.93,112916,50.34,50.34,49.77
10/15/2019,50.63,94189,49.71,50.7601,49.71
10/14/2019,49.61,58953,49.20,49.7063,49.20
10/11/2019,49.30,57694,49.21,49.82,49.21
10/10/2019,48.45,37575,48.25,48.75,48.1001
10/09/2019,48.29,43450,47.81,48.4707,47.81
10/08/2019,47.47,54447,47.95,48.15,47.47
10/07/2019,48.6595,19033,48.43,48.93,48.17
10/04/2019,48.60,45684,48.10,48.60,47.83
10/03/2019,48.05,50965,47.21,48.05,46.37
10/02/2019,47.46,76020,47.73,47.73,47.00
10/01/2019,48.22,42326,48.77,48.98,48.201
09/30/2019,48.67,53444,48.38,48.7497,48.16
09/27/2019,48.24,75289,49.16,49.4112,47.81
09/26/2019,49.20,38063,49.00,49.26,48.4557
09/25/2019,48.83,68134,48.03,48.9036,47.50
09/24/2019,48.16,44601,49.94,49.94,47.98
09/23/2019,49.81,23506,49.88,50.0263,49.62
09/20/2019,50.06,27396,50.75,50.76,49.7035
09/19/2019,50.78,27384,50.84,51.3008,50.7201
09/18/2019,50.86,58405,51.21,51.25,50.23
09/17/2019,51.46,25025,51.07,51.46,51.045
09/16/2019,51.12,43078,50.78,51.25,50.60
09/13/2019,51.22,28678,51.37,51.48,50.9901
09/12/2019,51.43,47638,51.70,51.99,51.38
09/11/2019,51.33,46286,50.69,51.4423,50.54
09/10/2019,50.56,36073,50.21,50.665,49.8057
09/09/2019,50.45,48413,50.95,51.10,50.05
09/06/2019,50.75,44373,51.19,51.2288,50.72
09/05/2019,51.053,118635,50.30,51.0841,50.30
09/04/2019,49.73,104945,49.67,49.96,49.67
09/03/2019,49.29,198978,49.47,50.1079,49.12
08/30/2019,49.86,64895,50.30,50.52,49.49
08/29/2019,49.94,38013,49.38,50.1331,49.38
08/28/2019,48.72,41291,48.64,48.99,48.25
08/27/2019,48.85,52317,49.43,49.6699,48.41
08/26/2019,49.18,34184,49.20,49.26,48.8243
08/23/2019,48.66,52123,49.80,50.43,48.58
08/22/2019,50.19,41810,50.57,50.69,49.69
08/21/2019,50.58,75991,50.35,50.8142,50.31
08/20/2019,49.91,36463,49.82,50.1619,49.70
08/19/2019,49.97,143549,49.67,50.02,49.50
08/16/2019,48.93,153137,48.29,49.00,48.29
08/15/2019,47.74,100467,48.14,48.25,47.42
08/14/2019,47.89,93763,48.85,48.85,47.59
08/13/2019,49.96,62952,49.03,50.18,48.88
08/12/2019,49.03,46629,49.63,49.63,48.9178
08/09/2019,50.12,35684,50.56,50.8199,49.9254
08/08/2019,50.847,42939,50.00,50.847,49.68
08/07/2019,49.68,39194,48.39,49.68,48.39
08/06/2019,48.92,75393,49.18,49.61,48.40
08/05/2019,48.52,141950,49.19,49.19,48.0599
08/02/2019,50.68,75158,51.25,51.3139,50.18
08/01/2019,51.99,49375,52.34,53.3441,51.4448
07/31/2019,52.48,77832,53.00,53.1899,51.63
07/30/2019,53.66,61108,53.28,53.7983,53.00
07/29/2019,53.70,51418,53.96,54.12,52.96
07/26/2019,54.04,35439,53.75,54.1899,53.75
07/25/2019,53.32,54535,54.00,54.00,53.29
07/24/2019,54.81,42910,53.79,54.81,53.78
07/23/2019,54.00,56296,54.10,54.10,53.40
07/22/2019,53.81,36834,53.68,54.15,53.68
07/19/2019,53.60,45418,54.29,54.35,53.60
07/18/2019,53.99,35472,53.70,54.14,53.5757
07/17/2019,54.13,40779,54.11,54.5205,54.11
07/16/2019,54.02,28095,54.58,54.58,53.88
07/15/2019,54.54,51575,54.18,54.61,54.00
07/12/2019,54.17,100731,53.93,54.17,53.90
07/11/2019,53.76,41860,53.74,54.0505,53.585
07/10/2019,53.63,108142,53.75,54.1219,53.5025
07/09/2019,53.34,80363,52.09,53.3799,52.09
07/08/2019,52.35,35628,52.47,52.4835,52.1223
07/05/2019,52.75,78409,52.50,52.85,52.09
07/03/2019,52.85,29753,52.88,53.00,52.70
07/02/2019,52.42,52275,52.35,52.48,52.14
07/01/2019,52.48,133240,53.06,53.15,52.37
06/28/2019,52.01,49569,51.46,52.03,51.395
06/27/2019,51.37,40459,51.00,51.4499,50.84
06/26/2019,50.84,42720,50.69,51.33,50.69
06/25/2019,50.12,72921,51.27,51.47,50.09
06/24/2019,51.29,54481,51.58,51.8088,51.2501
06/21/2019,51.42,60370,51.72,51.90,51.31
06/20/2019,51.83,75028,52.00,52.425,51.40
06/19/2019,51.49,32770,51.13,51.49,50.83
06/18/2019,51.04,71862,51.00,51.7324,51.00
06/17/2019,50.42,104077,49.60,50.5999,49.55
06/14/2019,49.54,79483,49.77,49.77,49.2601
06/13/2019,50.05,42047,49.81,50.07,49.6895
06/12/2019,49.59,32919,49.73,49.86,49.33
06/11/2019,49.82,45964,50.53,50.60,49.45
06/10/2019,49.87,313221,49.88,50.73,49.84
06/07/2019,49.26,70850,48.74,49.51,48.74
06/06/2019,48.50,88531,48.23,48.645,47.9404
06/05/2019,48.46,104230,48.45,48.66,47.6105
06/04/2019,48.06,275370,46.89,48.06,46.71
06/03/2019,46.29,485031,47.59,47.879,45.96
05/31/2019,47.59,159613,47.75,48.0503,47.51
05/30/2019,48.73,39285,48.90,49.1099,48.51
05/29/2019,48.71,142618,48.83,49.05,48.22
05/28/2019,49.13,57316,49.28,49.78,49.06
05/24/2019,49.07,102635,49.50,49.67,49.0358
05/23/2019,49.05,138292,49.75,49.83,48.62
05/22/2019,50.38,320962,50.61,51.0373,50.38
05/21/2019,50.81,68203,50.24,50.9241,50.24
05/20/2019,49.98,128634,50.11,50.36,49.62
05/17/2019,50.97,134895,51.58,51.8864,50.8801
05/16/2019,52.41,67496,52.05,52.89,51.94
05/15/2019,51.99,70409,50.79,52.07,50.79
05/14/2019,51.15,79817,50.52,51.4999,50.4022
05/13/2019,50.13,201726,51.07,51.31,50.081
05/10/2019,52.44,73452,52.27,52.69,51.33
05/09/2019,52.36,162715,52.00,52.64,51.06
05/08/2019,52.78,160031,52.43,53.25,52.43
05/07/2019,52.74,109321,53.70,53.96,52.2401
05/06/2019,54.26,98427,52.81,54.34,52.38
05/03/2019,54.28,177901,53.41,54.29,53.285
05/02/2019,53.10,100198,53.05,53.33,52.39
05/01/2019,53.30,105780,53.75,54.11,53.26
04/30/2019,53.37,75013,53.17,53.67,52.91
04/29/2019,53.35,50922,53.01,53.54,53.01
04/26/2019,52.96,97386,53.04,53.1203,52.5038
04/25/2019,53.05,50609,53.56,53.56,52.7549
04/24/2019,53.62,65349,54.20,54.20,53.57
04/23/2019,54.18,106066,53.24,54.34,53.24
04/22/2019,53.03,81112,52.36,53.0887,52.36
04/18/2019,52.63,60218,52.81,52.81,52.17
04/17/2019,52.80,115466,53.75,53.75,52.58
04/16/2019,53.34,146811,53.12,53.50,53.04
04/15/2019,52.82,60879,53.25,53.32,52.50
04/12/2019,53.29,74188,53.71,53.71,53.23
04/11/2019,53.33,163863,53.71,53.71,53.21
04/10/2019,53.75,72856,53.35,53.80,53.35
04/09/2019,53.18,52062,53.45,53.62,53.1767
04/08/2019,53.59,88185,53.43,53.6897,53.20
04/05/2019,53.43,75172,53.09,53.50,53.09
04/04/2019,52.81,105853,53.29,53.38,52.277
04/03/2019,53.62,116219,53.13,54.04,53.13
04/02/2019,52.80,61841,52.72,52.8663,52.50
04/01/2019,52.69,120244,52.49,52.74,52.15
03/29/2019,51.81,124098,51.62,51.8726,51.4267
03/28/2019,51.14,35770,50.77,51.25,50.53
03/27/2019,50.59,71670,51.30,51.56,50.03
03/26/2019,51.30,69095,51.79,52.0197,50.9395
03/25/2019,51.19,108411,51.04,51.35,50.59
03/22/2019,51.35,114684,52.71,52.9559,51.311
03/21/2019,53.12,118615,51.76,53.1773,51.73
03/20/2019,51.98,71533,51.97,52.30,51.3532
03/19/2019,51.90,139149,51.83,52.11,51.72
03/18/2019,51.56,183395,51.63,51.99,51.20
03/15/2019,51.52,51871,51.54,51.79,51.37
03/14/2019,51.39,42892,51.77,51.85,51.3701
03/13/2019,51.90,91666,51.79,52.20,51.54
03/12/2019,51.54,76652,51.45,51.76,51.16
03/11/2019,51.33,396056,49.96,51.3399,49.96
03/08/2019,49.70,130377,48.96,49.7251,48.63
03/07/2019,49.83,126155,50.40,50.41,49.6762
03/06/2019,50.46,81912,51.33,51.33,50.4204
03/05/2019,51.22,78605,50.85,51.44,50.60
03/04/2019,50.89,250500,52.03,52.19,50.16
03/01/2019,51.66,130697,52.29,52.29,51.3347
02/28/2019,51.94,53756,51.92,52.05,51.42
02/27/2019,52.10,72187,51.56,52.15,51.19
02/26/2019,51.55,60469,51.66,51.90,51.38
02/25/2019,51.93,176372,52.30,52.63,51.8308
02/22/2019,51.72,112735,50.87,51.72,50.87
02/21/2019,50.34,86009,50.95,51.08,50.235
02/20/2019,51.01,63670,51.37,51.66,50.8601
02/19/2019,51.32,85109,50.80,51.5927,50.80
02/15/2019,50.97,77091,50.94,51.1459,50.7818
02/14/2019,50.54,70288,50.11,50.74,49.93
02/13/2019,50.47,87785,50.72,50.84,50.3834
02/12/2019,50.47,86822,50.02,50.52,49.83
02/11/2019,49.65,68780,49.98,50.26,49.51
02/08/2019,49.61,143919,48.67,49.64,48.67
02/07/2019,49.27,117301,49.64,49.64,48.5001
02/06/2019,50.43,116963,50.67,50.7981,49.9401
02/05/2019,50.68,144705,50.45,50.86,50.415
02/04/2019,50.30,121712,49.50,50.41,49.39
02/01/2019,49.56,83364,49.30,49.7835,49.11
01/31/2019,49.52,199309,48.65,49.70,48.39
01/30/2019,48.64,114655,47.84,48.72,47.50
01/29/2019,47.19,99886,48.06,48.06,47.00
01/28/2019,48.15,130259,48.11,48.16,47.28
01/25/2019,49.07,91346,48.18,49.08,48.00
01/24/2019,47.83,67506,46.89,47.83,46.86
01/23/2019,46.73,142605,47.10,47.40,46.287
01/22/2019,46.85,363469,47.98,47.98,46.59
01/18/2019,48.47,145410,48.36,48.93,48.03
01/17/2019,48.10,69556,47.44,48.4899,47.156
01/16/2019,47.58,157605,47.50,47.992,47.42
01/15/2019,47.34,156766,46.57,47.5828,46.57
01/14/2019,46.45,55691,46.38,46.64,46.004
01/11/2019,46.89,68100,46.65,46.98,46.432
01/10/2019,46.76,135309,46.01,46.80,45.4481
01/09/2019,46.33,191846,45.71,46.598,45.66
01/08/2019,45.50,114305,45.69,45.86,44.3234
01/07/2019,45.00,134390,43.73,45.238,43.695
01/04/2019,43.46,110532,41.74,43.80,41.74
01/03/2019,40.89,93708,41.93,42.07,40.74
01/02/2019,42.46,215163,41.42,42.66,41.2506
12/31/2018,42.42,314677,42.62,42.88,41.95
12/28/2018,42.01,173799,42.30,42.774,41.3835
12/27/2018,42.12,152666,41.42,42.1299,40.1872
12/26/2018,47.46,143202,45.11,47.46,44.55
12/24/2018,44.63,209361,44.82,45.61,44.2712
12/21/2018,45.35,242249,47.33,47.5628,45.061
12/20/2018,47.17,488629,48.30,48.8099,46.2601
12/19/2018,48.57,244132,49.62,50.56,48.111
12/18/2018,49.64,101993,49.64,50.2501,49.25
12/17/2018,49.17,194513,51.04,51.04,48.90
12/14/2018,51.33,44089,51.59,52.3626,51.18
12/13/2018,52.55,232896,53.40,53.5399,52.28
12/12/2018,52.94,155998,52.70,53.933,52.70
12/11/2018,52.05,69479,53.02,53.33,51.6133
12/10/2018,52.00,112629,51.12,52.2568,50.8691
12/07/2018,51.45,127468,53.36,53.87,51.1359
12/06/2018,53.31,119155,51.29,53.38,51.19
12/04/2018,52.72,135734,55.16,55.17,52.59
12/03/2018,55.37,190265,55.46,55.88,54.9545
11/30/2018,53.98,78119,53.46,53.99,53.03
11/29/2018,53.445,215388,53.43,53.87,52.51
11/28/2018,53.615,131832,52.19,53.6799,51.55
11/27/2018,51.39,62171,50.92,51.54,50.654
11/26/2018,51.34,70789,50.20,51.4387,50.12
11/23/2018,49.42,25960,49.08,49.8599,49.08
11/21/2018,49.63,77976,50.14,50.4074,49.41
11/20/2018,49.04,363803,47.79,49.8099,47.15
11/19/2018,49.75,286668,52.47,52.50,49.70
11/16/2018,52.78,218905,52.46,53.09,52.2155
11/15/2018,53.61,98253,51.85,53.6935,51.7624
11/14/2018,51.99,114942,52.80,53.35,51.69
11/13/2018,52.13,212257,51.62,53.15,51.47
11/12/2018,51.46,146035,53.18,53.29,50.93
11/09/2018,53.55,160059,53.96,54.23,52.92
11/08/2018,54.86,136367,55.93,56.069,54.6001
11/07/2018,56.1211,201172,55.06,56.27,55.00
11/06/2018,54.50,74954,54.35,55.08,54.07
11/05/2018,54.51,141378,55.22,55.22,53.71
11/02/2018,55.17,164321,55.51,56.2761,54.67
11/01/2018,55.26,225755,53.61,55.3699,53.25
10/31/2018,53.42,281321,52.29,53.8899,52.29
10/30/2018,51.09,126598,49.31,51.2151,49.115
10/29/2018,49.81,129392,51.88,52.065,48.78
10/26/2018,50.34,232119,49.97,51.51,49.31
10/25/2018,51.63,119331,50.20,51.7799,50.20
10/24/2018,49.17,135925,52.01,52.15,49.15
10/23/2018,52.01,283825,50.51,52.25,50.22
10/22/2018,51.70,111160,51.47,51.90,50.8902
10/19/2018,51.00,71512,52.34,52.88,50.922
10/18/2018,51.94,81070,53.15,53.175,51.71
10/17/2018,53.36,76188,54.41,54.41,52.78
10/16/2018,53.87,110433,52.30,53.98,52.2909
10/15/2018,51.60,114780,51.88,52.13,51.05
10/12/2018,52.07,149324,52.11,52.50,51.01
10/11/2018,50.27,272954,50.33,51.4063,49.67
10/10/2018,50.88,432509,53.71,53.71,50.83
10/09/2018,53.83,126532,53.62,54.31,53.34
10/08/2018,53.76,322971,54.55,54.90,52.96
10/05/2018,54.91,267081,55.68,56.045,54.145
10/04/2018,55.80,186443,57.00,57.01,55.40
10/03/2018,57.25,226210,57.45,57.50,56.9601
10/02/2018,57.11,123060,57.80,57.97,56.94
10/01/2018,58.05,164568,58.47,58.74,57.94
09/28/2018,57.59,129524,57.68,57.9233,57.38
09/27/2018,58.22,68022,58.08,58.4199,58.08
09/26/2018,57.78,82753,57.78,58.3599,57.74
09/25/2018,57.71,76216,57.39,57.78,57.36
09/24/2018,57.22,143244,56.64,57.24,56.15
09/21/2018,57.04,67224,57.93,57.98,57.02
09/20/2018,57.61,109955,57.50,57.831,57.26
09/19/2018,57.31,113056,57.10,57.388,56.641
09/18/2018,57.05,247784,56.92,57.6976,56.92
09/17/2018,56.90,122962,58.25,58.25,56.8597
09/14/2018,58.50,53424,58.56,58.88,58.2141
09/13/2018,58.31,105954,58.64,59.39,58.19
09/12/2018,58.08,127379,57.85,58.1542,56.8216
09/11/2018,57.73,108117,56.93,57.91,56.7801
09/10/2018,57.28,84597,57.48,57.48,56.6777
09/07/2018,56.94,146587,56.40,57.6299,56.07
09/06/2018,56.98,127805,57.39,57.71,56.51
09/05/2018,57.30,190255,59.00,59.00,56.93
09/04/2018,59.27,107166,59.04,59.3641,58.681
08/31/2018,59.45,130498,59.28,59.49,59.001
08/30/2018,59.29,130801,59.79,59.88,59.1808
08/29/2018,59.90,138045,59.43,59.98,59.39
08/28/2018,59.44,85545,59.63,59.6481,59.16
08/27/2018,59.37,287633,58.97,59.539,58.84
08/24/2018,58.67,107860,57.74,58.67,57.74
08/23/2018,57.32,81274,57.46,58.11,57.1624
08/22/2018,57.46,76174,56.89,57.549,56.89
08/21/2018,56.91,94325,56.42,57.24,56.39
08/20/2018,56.17,230088,55.81,56.2707,55.46
08/17/2018,55.81,319937,55.90,56.04,55.23
08/16/2018,56.21,207444,56.80,56.80,56.12
08/15/2018,56.23,296724,56.86,56.98,55.65
08/14/2018,57.55,121506,57.49,57.6162,56.92
08/13/2018,57.23,148687,57.36,58.00,57.23
08/10/2018,57.41,211394,57.20,57.79,57.0267
08/09/2018,57.57,151201,57.32,57.9095,57.191
08/08/2018,57.27,101707,57.28,57.55,57.1004
08/07/2018,57.28,182040,57.00,57.36,56.70
08/06/2018,56.93,134498,56.17,56.98,56.0488
08/03/2018,56.18,112476,56.71,56.92,56.08
08/02/2018,56.65,367625,54.91,56.68,54.90
08/01/2018,55.21,114186,55.11,55.58,54.92
07/31/2018,55.08,236080,54.91,55.5168,54.26
07/30/2018,54.91,494172,56.69,56.80,54.511
07/27/2018,56.80,299292,58.77,58.77,56.38
07/26/2018,58.60,219005,58.20,58.87,57.98
07/25/2018,59.00,120688,57.90,59.00,57.6825
07/24/2018,57.84,213422,59.13,59.32,57.51
07/23/2018,58.59,176367,58.21,58.59,57.7073
07/20/2018,58.41,94484,58.68,59.09,58.41
07/19/2018,58.68,131101,58.70,58.9499,58.52
07/18/2018,58.91,154851,58.99,58.99,58.3912
07/17/2018,58.99,115311,57.49,59.049,57.305
07/16/2018,58.28,178501,58.54,58.61,58.1597
07/13/2018,58.47,149038,58.78,58.78,57.906
07/12/2018,58.67,208047,57.85,58.705,57.82
07/11/2018,57.46,141199,56.77,57.57,56.65
07/10/2018,57.53,174872,57.85,57.85,57.2807
07/09/2018,57.71,320341,57.58,57.88,56.9525
07/06/2018,57.09,224244,56.25,57.19,55.9548
07/05/2018,56.12,136092,55.87,56.14,55.221
07/03/2018,55.34,158471,56.37,56.37,55.33
07/02/2018,56.00,274111,54.95,56.03,54.88
06/29/2018,55.48,160350,55.95,56.0678,55.48
06/28/2018,55.55,182051,54.65,55.67,54.571
06/27/2018,54.66,222437,56.39,56.51,54.66
06/26/2018,56.06,174112,55.72,56.38,55.43
06/25/2018,55.53,508664,56.61,56.61,54.92
06/22/2018,57.25,192412,58.13,58.19,57.141
06/21/2018,58.00,223112,59.28,59.294,57.945
06/20/2018,59.04,269505,58.81,59.295,58.70
06/19/2018,58.42,300981,58.23,58.45,57.20
06/18/2018,59.10,222782,58.47,59.1095,58.15
06/15/2018,58.755,189341,58.50,58.894,58.1255
06/14/2018,58.75,247669,57.91,58.87,57.89
06/13/2018,57.60,190561,57.77,58.00,57.35
06/12/2018,57.46,199474,57.16,57.88,57.13
06/11/2018,56.84,137439,56.41,56.8944,56.41
06/08/2018,56.47,143279,55.67,56.50,55.61
06/07/2018,56.09,252580,57.04,57.09,55.6204
06/06/2018,56.88,221204,56.26,56.89,56.25
06/05/2018,56.07,186168,55.83,56.28,55.70
06/04/2018,55.59,353525,54.91,55.63,54.76
06/01/2018,54.58,260745,53.78,54.64,53.78
05/31/2018,53.51,115694,53.49,53.79,53.41
05/30/2018,53.54,164859,53.18,53.6186,53.18
05/29/2018,53.06,134302,53.05,53.35,52.71
05/25/2018,53.34,87458,53.20,53.50,53.02
05/24/2018,53.19,86043,53.11,53.3799,52.75
05/23/2018,53.055,98998,52.22,53.055,52.06
05/22/2018,52.60,96625,53.29,53.29,52.536
05/21/2018,53.03,169245,53.37,53.42,52.65
05/18/2018,52.61,78349,52.60,52.89,52.5825
05/17/2018,52.89,85661,52.96,53.329,52.58
05/16/2018,53.23,183088,52.64,53.28,52.62
05/15/2018,52.64,211401,52.74,52.74,52.24
05/14/2018,53.28,201592,53.71,54.249,53.23
05/11/2018,53.71,187545,54.01,54.13,53.501
05/10/2018,54.01,267504,53.79,54.29,53.6501
05/09/2018,53.60,295505,53.02,53.6896,52.90
05/08/2018,52.84,285988,52.20,52.84,52.11
05/07/2018,52.28,199705,51.53,52.40,51.53
05/04/2018,51.01,113735,49.92,51.2175,49.92
05/03/2018,50.29,81930,49.77,50.49,49.17
05/02/2018,50.23,93996,50.23,50.65,50.08
05/01/2018,50.04,104025,49.41,50.1162,49.22
04/30/2018,49.72,106725,49.92,50.20,49.3539
04/27/2018,49.74,150424,50.30,50.33,49.19
04/26/2018,49.68,131694,49.28,49.90,49.035
04/25/2018,48.67,304014,49.52,49.52,48.07
04/24/2018,49.52,218164,50.88,51.02,49.04
04/23/2018,50.47,96207,51.29,51.29,50.261
04/20/2018,50.97,106468,51.59,51.65,50.86
04/19/2018,51.62,152306,51.87,52.04,51.321
04/18/2018,51.99,215881,51.83,52.12,51.38
04/17/2018,51.67,224999,50.60,51.79,50.46
04/16/2018,50.04,134112,50.37,50.37,49.6101
04/13/2018,49.94,212803,50.90,50.96,49.701
04/12/2018,50.54,207834,50.43,50.7106,50.28
04/11/2018,50.03,271228,49.83,50.52,49.83
04/10/2018,50.13,193460,49.77,50.329,49.40
04/09/2018,48.86,132299,49.17,49.86,48.77
04/06/2018,48.66,127478,49.13,49.7424,48.3599
04/05/2018,49.86,152709,50.02,50.2144,49.42
04/04/2018,49.52,202113,47.50,49.5757,47.01
04/03/2018,48.77,221120,49.01,49.419,48.12
04/02/2018,48.41,385812,49.33,49.64,47.89
03/29/2018,49.88,209544,49.00,50.219,48.36
03/28/2018,48.77,454258,49.90,49.90,48.36
03/27/2018,50.18,414801,53.08,53.11,49.8367
03/26/2018,52.56,292430,51.88,52.5799,50.88
03/23/2018,50.78,358406,52.03,52.4735,50.77
03/22/2018,52.16,298223,53.01,53.3116,52.11
03/21/2018,53.77,169890,53.77,54.145,53.4784
03/20/2018,53.63,144617,53.48,53.9394,53.281
03/19/2018,53.44,331516,53.92,54.05,52.91
03/16/2018,54.33,131188,54.36,54.55,54.16
03/15/2018,54.37,187324,54.74,54.8358,54.13
03/14/2018,54.53,199610,54.23,54.779,54.151
03/13/2018,54.06,418936,55.28,55.31,53.75
03/12/2018,55.01,310055,54.94,55.179,54.734
03/09/2018,54.70,360945,54.46,54.71,54.31
03/08/2018,54.00,321214,53.94,54.1994,53.78
03/07/2018,53.84,264760,52.85,53.899,52.62
03/06/2018,53.44,332957,53.18,53.53,52.92
03/05/2018,52.86,277244,51.86,52.98,51.52
